,0,1,2,3,4,5,6,7,8,9,10,11,12,13,14,15,16,17,18,
0,,,,,,,,,,,,,,,,,,,,
1,2.46T,2.52T,26.74,26.81,3.22,6.92,39.01,6.90,20.49,AAPL,Apple Inc. Common Stock,2021-11-15,,151.8800048828125,149.42999267578125,150.3699951171875,150.0,59222800.0,150.0,
2,306.02B,304.54B,53.24,45.25,2.33,20.50,21.23,20.17,48.19,ADBE,Adobe Inc. Common Stock,2021-11-15,,663.6699829101562,655.1900024414062,658.3699951171875,659.72998046875,1077600.0,659.72998046875,
3,73.35B,74.51B,56.36,47.62,1.73,18.35,55.24,18.44,95.80,ADSK,Autodesk Inc. Common Stock,2021-11-15,,332.4599914550781,325.0899963378906,330.739990234375,326.3900146484375,865500.0,326.3900146484375,
4,1.18B,1.12B,,,,7.74,13.43,7.48,-58.38,AGYS,Agilysys Inc. Common Stock,2021-11-15,,48.04999923706055,47.0,48.04999923706055,47.529998779296875,66000.0,47.529998779296875,
5,4.77B,3.67B,,,,24.39,4.57,18.81,-41.23,AI,C3.ai Inc. Class A Common Stock,2021-11-15,,51.64899826049805,47.779998779296875,50.25,48.279998779296875,4921600.0,48.279998779296875,
6,123.68M,122.72M,14.70,,,1.06,1.50,1.05,8.35,ALOT,AstroNova Inc. Common Stock,2021-11-15,,17.8700008392334,16.84000015258789,16.84000015258789,17.600000381469727,17400.0,17.600000381469727,
7,4.30B,4.06B,75.28,42.19,2.11,6.19,7.19,5.64,42.10,ALRM,Alarm.com Holdings Inc. Common Stock,2021-11-15,,85.28600311279297,83.0999984741211,85.16999816894531,83.6500015258789,196200.0,83.6500015258789,
8,6.21B,5.98B,,125.00,,11.25,10.30,11.40,150.90,ALTR,Altair Engineering Inc. Class A Common Stock,2021-11-15,,79.26000213623047,77.19999694824219,79.26000213623047,78.18000030517578,190300.0,78.18000030517578,
9,31.65M,20.93M,,,,43.91,2.70,31.03,-2.90,AMST,Amesite Inc. Common Stock,2021-11-15,,1.4600000381469727,1.3600000143051147,1.4600000381469727,1.3899999856948853,171800.0,1.3899999856948853,
10,1.05B,946.14M,117.15,,,9.32,8.32,8.34,91.77,AMSWA,American Software Inc. Class A Common Stock,2021-11-15,,31.549999237060547,31.010000228881836,31.549999237060547,31.09000015258789,64400.0,31.09000015258789,
11,40.39B,37.07B,53.38,38.17,1.95,15.10,10.45,13.37,39.30,ANET,Arista Networks Inc. Common Stock,2021-11-15,,532.4299926757812,521.5390014648438,525.0,528.1699829101562,355300.0,528.1699829101562,
12,34.94B,34.71B,75.12,50.00,4.25,18.79,8.05,18.52,51.44,ANSS,ANSYS Inc. Common Stock,2021-11-15,,396.2900085449219,389.3500061035156,393.4100036621094,394.42999267578125,353600.0,394.42999267578125,
13,2.92B,2.10B,1.26,,,18.15,3.28,14.30,-56.06,API,Agora Inc. American Depositary Shares,2021-11-15,,27.579999923706055,26.079999923706055,26.600000381469727,26.3700008392334,1568100.0,26.3700008392334,
14,6.42B,6.58B,123.02,43.67,0.87,9.30,13.20,9.31,65.16,APPS,Digital Turbine Inc. Common Stock,2021-11-15,,70.4000015258789,63.540000915527344,70.05000305175781,66.43000030517578,5424400.0,66.43000030517578,
15,54.86B,48.75B,20.90,18.12,1.26,6.09,3.24,5.39,13.20,ATVI,Activision Blizzard Inc. Common Stock,2021-11-15,,70.68000030517578,68.13999938964844,69.31999969482422,70.43000030517578,11628200.0,70.43000030517578,
16,149.35M,149.71M,,,,5.81,,7.44,-11.25,AUGX,Augmedix Inc. Common Stock,2021-11-15,,4.079999923706055,3.940000057220459,4.039999961853027,4.079999923706055,86900.0,4.079999923706055,
17,388.68M,380.15M,,,,154.55,24.52,172.39,-35.58,AUID,Ipsidy Inc. Common Stock,2021-11-15,,16.84000015258789,15.100000381469727,16.5,15.970000267028809,114600.0,15.970000267028809,
18,31.33M,29.01M,,,,27.34k,4.78,27.77k,-12.63,AUUD,Auddia Inc. Common Stock,2021-11-15,,2.799999952316284,2.450000047683716,2.569999933242798,2.4700000286102295,581600.0,2.4700000286102295,
19,1.52B,1.68B,57.22,,,4.07,,4.24,31.24,AVID,Avid Technology Inc. Common Stock,2021-11-15,,34.560001373291016,33.369998931884766,33.83000183105469,33.720001220703125,282000.0,33.720001220703125,
20,4.97B,5.21B,2.51k,,,9.44,12.15,9.97,-81.23,AYX,Alteryx Inc. Class A Common Stock,2021-11-15,,72.27999877929688,71.08000183105469,72.0,71.2699966430664,583300.0,71.2699966430664,
21,2.05B,2.24B,,133.33,,4.68,4.61,4.68,75.47,BAND,Bandwidth Inc. Class A Common Stock,2021-11-15,,80.33999633789062,77.93000030517578,80.08999633789062,78.2699966430664,592100.0,78.2699966430664,
22,58.89B,46.38B,8.52,16.16,,3.22,1.66,0.39,0.90,BIDU,Baidu Inc. ADS,2021-11-15,,171.99000549316406,167.69000244140625,171.41000366210938,168.6699981689453,1940500.0,168.6699981689453,
23,4.12B,4.06B,,,,20.38,25.56,20.50,-78.77,BIGC,BigCommerce Holdings Inc. Series 1 Common Stock,2021-11-15,,59.939998626708984,57.11000061035156,58.20000076293945,57.27000045776367,1116500.0,57.27000045776367,
24,34.32B,33.35B,,,,94.11,8.35,108.11,-226.99,BILL,Bill.com Holdings Inc. Common Stock,2021-11-15,,336.7699890136719,320.8900146484375,335.0,325.80999755859375,1309800.0,325.80999755859375,
25,1.21B,1.21B,,,,,,,,BKKT,Bakkt Holdings Inc. Class A Common Stock,2021-11-15,,24.25,20.3700008392334,23.360000610351562,21.510000228881836,8302800.0,21.510000228881836,
26,7.47B,7.40B,,166.67,6.62,18.19,21.92,18.22,-3.09k,BL,BlackLine Inc. Common Stock,2021-11-15,,128.97000122070312,126.0999984741211,128.3000030517578,127.3499984741211,247000.0,127.3499984741211,
27,4.01B,4.53B,,25.25,3.52,4.37,10.11,4.91,39.44,BLKB,Blackbaud Inc. Common Stock,2021-11-15,,83.87000274658203,82.04000091552734,83.55999755859375,82.4800033569336,106000.0,82.4800033569336,
28,645.18M,674.95M,,,,8.09,,11.27,91.31,BLZE,Backblaze Inc. Class A Common Stock,2021-11-15,,28.59000015258789,24.549999237060547,26.5,25.5,4275400.0,25.5,
29,4.72B,5.06B,61.74,,,8.35,3.18,10.34,50.56,BMBL,Bumble Inc. Class A Common Stock,2021-11-15,,39.209999084472656,36.79999923706055,36.900001525878906,38.470001220703125,4215400.0,38.470001220703125,
30,362.72M,537.55M,,,,1.35,,2.03,33.87,BNFT,Benefitfocus Inc. Common Stock,2021-11-15,,10.850000381469727,10.489999771118164,10.850000381469727,10.539999961853027,250200.0,10.539999961853027,
31,17.71M,18.63M,22.60,,,0.47,1.26,0.53,-300.54,BOSC,B.O.S. Better Online Solutions Common Stock,2021-11-15,,3.509999990463257,3.3299999237060547,3.4100000858306885,3.4700000286102295,3900.0,3.4700000286102295,
32,3.90B,3.74B,,24.63,,5.07,,4.61,64.59,BOX,Box Inc. Class A Common Stock,2021-11-15,,26.110000610351562,25.65999984741211,25.950000762939453,25.84000015258789,1202700.0,25.84000015258789,
33,47.77M,40.71M,,,,0.74,5.38,0.96,-15.13,BSQR,BSQUARE Corporation Common Stock,2021-11-15,,2.4200000762939453,2.2799999713897705,2.3299999237060547,2.319999933242798,304300.0,2.319999933242798,
34,4.78B,4.61B,20.69,75.76,3.80,7.50,8.92,6.84,46.73,CALX,Calix Inc Common Stock,2021-11-15,,74.98999786376953,70.37000274658203,74.75,71.27999877929688,700300.0,71.27999877929688,
35,627.60M,332.21M,1.08,,,1.16,0.54,0.09,0.08,CANG,Cango Inc. American Depositary Shares  each representing two (2) Class A Ordinary Shares,2021-11-15,,4.550000190734863,4.389999866485596,4.489999771118164,4.480000019073486,160700.0,4.480000019073486,
36,7.55B,8.24B,,,,,,,,CCCS,CCC Intelligent Solutions Holdings Inc. Common Stock,2021-11-15,,12.979999542236328,12.470000267028809,12.680000305175781,12.880000114440918,898800.0,12.880000114440918,
37,50.28B,49.62B,73.16,51.02,4.60,17.04,19.11,16.68,53.74,CDNS,Cadence Design Systems Inc. Common Stock,2021-11-15,,183.17999267578125,179.85000610351562,182.77999877929688,182.33999633789062,780400.0,182.33999633789062,
38,1.47B,1.42B,195.82,,,3.14,5.20,3.04,35.93,CGNT,Cognyte Software Ltd. Ordinary Shares,2021-11-15,,22.219999313354492,21.639999389648438,22.1200008392334,21.989999771118164,253600.0,21.989999771118164,
39,15.71B,13.98B,19.40,16.26,2.49,7.47,4.76,6.56,14.84,CHKP,Check Point Software Technologies Ltd. Ordinary Shares,2021-11-15,,118.33000183105469,116.12000274658203,118.33000183105469,116.9800033569336,808000.0,116.9800033569336,
40,64.06M,42.71M,8.18,,,0.44,1.15,0.34,4.72,CLPS,CLPS Incorporation Common Stock,2021-11-15,,3.200000047683716,3.069999933242798,3.200000047683716,3.0799999237060547,29300.0,3.0799999237060547,
41,764.14M,732.00M,,58.14,,21.97,2.71,30.19,-42.61,CLSK,CleanSpark Inc. Common Stock,2021-11-15,,22.600000381469727,20.5,21.84000015258789,20.690000534057617,2661100.0,20.690000534057617,
42,737.52M,688.33M,,,,,,,,CMAX,CareMax Inc. Class A Common Stock,2021-11-15,,9.649999618530273,8.680000305175781,9.0,8.949999809265137,352800.0,8.949999809265137,
43,228.70M,-28.20M,2.51,12.00,,1.22,0.39,-0.02,0.06,CMCM,Cheetah Mobile Inc. American Depositary Shares each representing 10 Class Ordinary Shares,2021-11-15,,1.8300000429153442,1.6799999475479126,1.690000057220459,1.7100000381469727,586300.0,1.7100000381469727,
44,9.49B,10.20B,26.95,17.24,1.15,1.72,3.70,1.88,18.76,CNXC,Concentrix Corporation Common Stock,2021-11-15,,185.2100067138672,181.0399932861328,183.25,184.83999633789062,131000.0,184.83999633789062,
45,15.92B,16.89B,,270.27,9.46,24.05,16.61,26.28,-128.89,COUP,Coupa Software Incorporated Common Stock,2021-11-15,,230.80999755859375,216.0,217.0500030517578,229.13999938964844,1540900.0,229.13999938964844,
46,300.21B,306.08B,123.65,67.57,4.44,12.28,5.41,13.00,75.65,CRM,Salesforce.com Inc Common Stock,2021-11-15,,307.760009765625,303.2300109863281,306.8999938964844,305.489990234375,3595300.0,305.489990234375,
47,2.48B,2.72B,21.75,16.47,,1.35,4.62,1.40,12.87,CRSR,Corsair Gaming Inc. Common Stock,2021-11-15,,26.600000381469727,25.959999084472656,26.5,26.31999969482422,742500.0,26.31999969482422,
48,239.39B,226.40B,22.70,16.47,2.94,4.83,5.80,4.54,14.55,CSCO,Cisco Systems Inc. Common Stock (DE),2021-11-15,,57.70000076293945,56.83000183105469,56.93000030517578,57.27000045776367,19041800.0,57.27000045776367,
49,11.03B,14.09B,35.08,16.29,3.85,3.51,27.58,4.43,21.54,CTXS,Citrix Systems Inc. Common Stock,2021-11-15,,89.41999816894531,85.19999694824219,89.41999816894531,87.16000366210938,2665000.0,87.16000366210938,
50,38.58M,32.52M,103.60,,,46.22,4.07,47.33,-5.72,CUEN,Cuentas Inc. Common Stock,2021-11-15,,2.869999885559082,2.690000057220459,2.7699999809265137,2.759999990463257,159000.0,2.759999990463257,
51,3.05B,2.78B,131.51,30.77,,4.30,10.18,3.75,47.35,CVLT,Commvault Systems Inc. Common Stock,2021-11-15,,67.16000366210938,65.69000244140625,67.16000366210938,66.33000183105469,250700.0,66.33000183105469,
52,3.99B,3.80B,,166.67,8.36,17.23,21.90,16.83,-174.30,CWAN,Clearwater Analytics Holdings Inc. Class A Common Stock,2021-11-15,,22.979999542236328,22.160999298095703,22.8799991607666,22.5,204600.0,22.5,
53,4.60B,4.83B,,,,10.68,8.61,11.22,-81.13,CXM,Sprinklr Inc. Class A Common Stock,2021-11-15,,18.25,17.65999984741211,17.989999771118164,18.059999465942383,236000.0,18.059999465942383,
54,7.83B,7.36B,2.32k,,,15.62,10.94,14.84,-336.66,CYBR,CyberArk Software Ltd. Ordinary Shares,2021-11-15,,197.10000610351562,192.57000732421875,196.3800048828125,197.0800018310547,327200.0,197.0800018310547,
55,42.38M,57.67M,,,,0.92,2.55,1.70,-4.35,CYRN,CYREN Ltd. Ordinary Shares,2021-11-15,,0.5099999904632568,0.49000000953674316,0.5099999904632568,0.5,2431100.0,0.5,
56,131.89M,130.81M,,,,,120.12,,-59.70,DATS,DatChat Inc. Common Stock,2021-11-15,,6.940000057220459,6.28000020980835,6.730000019073486,6.460000038146973,1908000.0,6.460000038146973,
57,10.32B,10.90B,116.63,17.70,0.93,5.14,,5.20,26.07,DBX,Dropbox Inc. Class A Common Stock,2021-11-15,,27.209999084472656,26.40999984741211,27.040000915527344,26.610000610351562,5922100.0,26.610000610351562,
58,3.22B,3.14B,,,,5.00,6.90,4.93,9.07,DDD,3D Systems Corporation Common Stock,2021-11-15,,26.5,25.450000762939453,25.639999389648438,26.040000915527344,4872300.0,26.040000915527344,
59,42.99B,77.06B,11.61,5.68,1.46,0.44,8.93,0.77,6.24,DELL,Dell Technologies Inc. Class C Common Stock ,2021-11-15,,57.540000915527344,56.279998779296875,56.470001220703125,56.70000076293945,7123900.0,56.70000076293945,
60,852.09M,772.57M,75.70,18.94,1.11,2.64,1.83,2.50,67.05,DGII,Digi International Inc. Common Stock,2021-11-15,,24.899999618530273,23.93000030517578,24.899999618530273,24.18000030517578,381300.0,24.18000030517578,
61,354.99M,355.02M,,,,,,,,DGNS,Dragoneer Growth Opportunities Corp. II Class A Ordinary Shares,2021-11-15,,10.5600004196167,10.050000190734863,10.079999923706055,10.270000457763672,6133300.0,10.270000457763672,
62,3.49B,3.58B,,136.99,,22.76,5.04,23.30,118.16,DH,Definitive Healthcare Corp. Class A Common Stock,2021-11-15,,44.09000015258789,41.4900016784668,42.040000915527344,43.91999816894531,161000.0,43.91999816894531,
63,2.11B,1.60B,,,,43.04,2.20,24.98,-7.61,DM,Desktop Metal Inc. Class A Common Stock,2021-11-15,,8.600000381469727,8.010000228881836,8.550000190734863,8.020000457763672,12338700.0,8.020000457763672,
64,2.76B,2.79B,,,,11.27,,11.97,-43.23,DOMO,Domo Inc. Class B Common Stock,2021-11-15,,88.5199966430664,84.55000305175781,88.5199966430664,85.0999984741211,136300.0,85.0999984741211,
65,1.22B,188.04M,,48.08,,0.85,1.16,0.02,-0.36,DOYU,DouYu International Holdings Limited ADS,2021-11-15,,4.0,3.609999895095825,3.9700000286102295,3.7699999809265137,6094400.0,3.7699999809265137,
66,88.63M,26.88M,,,,0.27,0.46,0.01,-0.10,DUO,Fangdd Network Group Ltd. American Depositary Shares,2021-11-15,,1.090000033378601,1.0399999618530273,1.0800000429153442,1.090000033378601,264900.0,1.090000033378601,
67,5.20B,4.66B,,,,23.00,10.18,20.61,-92.10,DUOL,Duolingo Inc. Class A Common Stock,2021-11-15,,151.0500030517578,137.69500732421875,147.9600067138672,140.47999572753906,1683600.0,140.47999572753906,
68,23.01M,24.79M,,,,2.88,,3.15,-4.18,DUOT,Duos Technologies Group Inc. Common Stock,2021-11-15,,6.900000095367432,6.190000057220459,6.510000228881836,6.875,39200.0,6.875,
69,5.52B,5.21B,604.39,71.94,,18.04,7.54,17.03,119.21,DV,DoubleVerify Holdings Inc. Common Stock,2021-11-15,,34.9900016784668,33.38999938964844,34.79999923706055,33.7400016784668,708100.0,33.7400016784668,
70,39.47B,39.44B,51.31,21.88,9.44,6.33,5.02,6.17,28.07,EA,Electronic Arts Inc. Common Stock,2021-11-15,,144.38999938964844,137.63999938964844,143.61000061035156,141.27999877929688,3850900.0,141.27999877929688,
71,358.45M,297.48M,54.38,,,4.76,7.78,3.69,52.39,EGAN,eGain Corporation Common Stock,2021-11-15,,11.449999809265137,10.9399995803833,11.449999809265137,11.0600004196167,79900.0,11.0600004196167,
72,1.45B,1.53B,851.63,,,15.51,,16.41,170.08,ENFN,Enfusion Inc. Class A Common Stock,2021-11-15,,23.209999084472656,22.739999771118164,22.829999923706055,22.90999984741211,213100.0,22.90999984741211,
73,36.91B,34.24B,15.81,13.09,2.69,1.38,3.27,0.15,0.86,ERIC,Ericsson American Depositary Shares,2021-11-15,,10.890000343322754,10.800000190734863,10.829999923706055,10.850000381469727,4854900.0,10.850000381469727,
74,181.46M,183.13M,6.94k,,,,1.34,,-238.38,ESSC,East Stone Acquisition Corporation Ordinary Shares,2021-11-15,,10.270000457763672,10.239999771118164,10.25,10.260000228881836,1299100.0,10.260000228881836,
75,16.09B,15.69B,,,,23.11,35.30,23.32,-127.12,ESTC,Elastic N.V. Ordinary Shares,2021-11-15,,189.83999633789062,180.39999389648438,183.8699951171875,182.47000122070312,1377200.0,182.47000122070312,
76,3.99B,4.05B,,,,,1.89,,-58.00,ETWO,E2open Parent Holdings Inc.Class A Common Stock,2021-11-15,,12.579999923706055,12.199999809265137,12.279999732971191,12.5,2185900.0,12.5,
77,3.70B,3.70B,319.41,,,28.22,,32.91,166.11,EXFY,Expensify Inc. Class A Common Stock,2021-11-15,,50.83000183105469,44.0099983215332,47.939998626708984,45.689998626708984,1075800.0,45.689998626708984,
78,10.28B,11.15B,30.39,25.77,,8.19,82.33,8.47,20.70,FICO,Fair Isaac Corproation Common Stock,2021-11-15,,394.5,376.2099914550781,376.2099914550781,390.6600036621094,444300.0,390.6600036621094,
79,322.58M,306.34M,,,,48.82,9.34,46.85,-22.51,FORA,Forian Inc. Common Stock,2021-11-15,,10.520000457763672,9.789999961853027,10.489999771118164,10.0,73900.0,10.0,
80,2.48B,2.44B,,,,12.40,,15.51,-126.32,FORG,ForgeRock Inc. Class A Common Stock,2021-11-15,,31.700000762939453,27.75,31.290000915527344,28.010000228881836,803100.0,28.010000228881836,
81,3.57B,3.19B,,,,18.19,5.54,16.79,-66.96,FROG,JFrog Ltd. Ordinary Shares,2021-11-15,,36.97999954223633,35.880001068115234,36.93000030517578,36.0099983215332,919500.0,36.0099983215332,
82,191.06M,140.80M,,,,,3.33,,-9.67,FRSX,Foresight Autonomous Holdings Ltd. American Depositary Shares,2021-11-15,,2.990000009536743,2.869999885559082,2.940000057220459,2.9800000190734863,1719800.0,2.9800000190734863,
83,5.95B,6.35B,,769.23,,17.12,5.86,18.73,-43.42,FSLY,Fastly Inc. Class A Common Stock,2021-11-15,,51.029998779296875,49.28499984741211,50.77000045776367,49.599998474121094,2454800.0,49.599998474121094,
84,618.50M,566.92M,4.01k,,,6.50,2.45,6.94,-81.70,GAN,GAN Limited Ordinary Shares,2021-11-15,,13.684000015258789,13.079999923706055,13.684000015258789,13.199999809265137,728900.0,13.199999809265137,
85,11.09B,13.99B,,10.00k,,10.10,2.93,2.08,5.01,GDS,GDS Holdings Limited ADS,2021-11-15,,62.595001220703125,58.470001220703125,62.400001525878906,58.91999816894531,1439400.0,58.91999816894531,
86,30.28M,-15.42M,,,,5.36,0.59,-2.73,6.00,GIGM,GigaMedia Limited Ordinary Shares,2021-11-15,,2.799999952316284,2.690000057220459,2.700000047683716,2.690000057220459,37200.0,2.690000057220459,
87,7.57B,7.09B,,,,39.78,11.39,32.79,-187.64,GLBE,Global-E Online Ltd. Ordinary Shares,2021-11-15,,57.29899978637695,54.630001068115234,55.90999984741211,55.45000076293945,1078500.0,55.45000076293945,
88,438.12M,450.90M,,,,7.51,1.54,7.92,-24.71,GTYH,GTY Technology Holdings Inc. Common Stock,2021-11-15,,8.010000228881836,7.489999771118164,8.010000228881836,7.650000095367432,55500.0,7.650000095367432,
89,30.28M,40.20M,,,,0.58,2.33,0.77,24.89,GVP,GSE Systems Inc. Common Stock,2021-11-15,,1.5700000524520874,1.4800000190734863,1.4800000190734863,1.5099999904632568,90800.0,1.5099999904632568,
90,10.45B,9.80B,,,,14.10,6.76,13.18,-201.57,GWRE,Guidewire Software Inc. Common Stock,2021-11-15,,125.86000061035156,122.5,125.20999908447266,122.66999816894531,362500.0,122.66999816894531,
91,1.67B,1.73B,,,,6.23,,3.94,15.12,HLTH,Cue Health Inc. Common Stock,2021-11-15,,12.5,11.260000228881836,11.470000267028809,12.449999809265137,847800.0,12.449999809265137,
92,30.27B,28.93B,,,,17.02,4.10,16.35,-26.80,HOOD,Robinhood Markets Inc. Class A Common Stock,2021-11-15,,35.61000061035156,34.22999954223633,35.5,34.959999084472656,6219600.0,34.959999084472656,
93,36.52B,41.40B,9.84,7.94,0.79,0.65,,0.67,7.17,HPQ,HP Inc. Common Stock,2021-11-15,,32.029998779296875,31.229999542236328,31.920000076293945,31.350000381469727,7091100.0,31.350000381469727,
94,40.26B,39.80B,,357.14,7.82,33.53,48.39,33.64,18.49k,HUBS,HubSpot Inc. Common Stock,2021-11-15,,842.6900024414062,823.1599731445312,840.0,832.02001953125,267100.0,832.02001953125,
95,683.35M,669.90M,,25.38,,2.27,2.37,2.29,-98.47,ICLK,iClick Interactive Asia Group Limited American Depositary Shares,2021-11-15,,7.440000057220459,7.0,7.079999923706055,7.340000152587891,290400.0,7.340000152587891,
96,223.25M,105.84M,10.56,,,5.66,1.71,2.92,5.87,IMMR,Immersion Corporation Common Stock,2021-11-15,,7.099999904632568,6.849999904632568,6.920000076293945,6.909999847412109,1527800.0,6.909999847412109,
97,3.54B,3.86B,,,,,2.75,14.94,-59.90,INST,Instructure Holdings Inc. Common Stock,2021-11-15,,26.5,24.399999618530273,26.5,24.860000610351562,135700.0,24.860000610351562,
98,1.93B,2.31B,,,,4.12,,10.77,-277.80,INTA,Intapp Inc. Common Stock,2021-11-15,,31.68000030517578,26.5,31.68000030517578,27.790000915527344,218300.0,27.790000915527344,
99,171.98B,170.59B,80.27,53.76,3.46,17.20,17.43,17.71,57.87,INTU,Intuit Inc. Common Stock,2021-11-15,,632.9500122070312,622.5499877929688,628.1900024414062,626.1400146484375,1402500.0,626.1400146484375,
100,,,,,,,,,,INVE,Identiv Inc. Common Stock,2021-11-15,,24.829999923706055,23.479999542236328,24.75,23.739999771118164,80500.0,23.739999771118164,
101,3.70B,3.84B,,129.87,,11.75,4.61,11.31,-202.33,JAMF,Jamf Holding Corp. Common Stock,2021-11-15,,32.65399932861328,30.540000915527344,32.20000076293945,30.940000534057617,2081200.0,30.940000534057617,
102,10.42B,10.93B,71.18,16.69,1.31,2.29,2.38,2.35,22.82,JNPR,Juniper Networks Inc. Common Stock,2021-11-15,,32.2400016784668,31.90999984741211,32.029998779296875,32.13999938964844,2052600.0,32.13999938964844,
103,1.08B,1.05B,47.05,6.65,,6.69,8.92,0.42,1.57,KARO,Karooooo Ltd. Ordinary Shares,2021-11-15,,34.560001373291016,34.560001373291016,34.560001373291016,34.560001373291016,500.0,34.560001373291016,
104,5.55B,4.84B,,,,4.23,4.57,0.63,-6.19,KC,Kingsoft Cloud Holdings Limited American Depositary Shares,2021-11-15,,24.18000030517578,23.100000381469727,23.280000686645508,23.270000457763672,945200.0,23.270000457763672,
105,4.42B,4.16B,,250.00,,19.54,25.70,18.40,5.77k,KNBE,KnowBe4 Inc. Class A Common Stock,2021-11-15,,26.075000762939453,24.850000381469727,26.075000762939453,25.25,1111600.0,25.25,
106,2.81B,2.76B,,,,31.34,,27.69,-171.70,LAW,CS Disco Inc. Common Stock,2021-11-15,,51.810001373291016,47.470001220703125,49.0,51.25,519100.0,51.25,
107,6.64B,6.02B,17.35,15.97,,4.10,3.37,3.46,8.34,LITE,Lumentum Holdings Inc. Common Stock,2021-11-15,,92.19000244140625,89.30000305175781,92.19000244140625,90.05999755859375,620500.0,90.05999755859375,
108,140.77M,72.92M,,,,0.46,3.39,0.04,-0.70,LIZI,LIZHI INC. American Depositary Shares,2021-11-15,,2.940000057220459,2.7750000953674316,2.940000057220459,2.859999895095825,479200.0,2.859999895095825,
109,,,,,,,,,,LOGI,Logitech International S.A. Ordinary Shares,2021-11-15,,81.37999725341797,79.98999786376953,80.91000366210938,80.04000091552734,355700.0,80.04000091552734,
110,1.16B,1.12B,,,,,,,,MAPS,WM Technology Inc. Class A Common Stock ,2021-11-15,,9.720000267028809,8.8100004196167,9.489999771118164,9.170000076293945,2380100.0,9.170000076293945,
111,1.81B,5.93B,,,,0.61,0.59,1.99,-5.49,MFGP,Micro Focus Intl PLC ADS each representing One Ord Sh,2021-11-15,,5.460000038146973,5.360000133514404,5.449999809265137,5.380000114440918,307400.0,5.380000114440918,
112,1.20B,1.16B,44.11,27.47,,2.85,4.60,2.72,19.69,MGIC,Magic Software Enterprises Ltd. Ordinary Shares,2021-11-15,,25.489999771118164,24.190000534057617,25.0,24.329999923706055,94800.0,24.329999923706055,
113,759.57M,709.65M,90.53,19.88,1.28,6.47,3.93,5.92,49.41,MITK,Mitek Systems Inc. Common Stock,2021-11-15,,17.489999771118164,17.010000228881836,17.200000762939453,17.299999237060547,541900.0,17.299999237060547,
114,280.35M,248.40M,17.04,25.58,,2.07,2.49,1.78,13.07,MIXT,MiX Telematics Limited American Depositary Shares each representing 25 Ordinary Shares,2021-11-15,,12.760000228881836,12.380000114440918,12.710000038146973,12.579999923706055,4400.0,12.579999923706055,
115,4.59B,4.83B,,,,7.50,7.72,8.08,-27.80,MNDT,Mandiant Inc. Common Stock,2021-11-15,,19.170000076293945,18.84000015258789,19.170000076293945,18.899999618530273,1522300.0,18.899999618530273,
116,2.80B,2.06B,9.27,7.96,,1.33,1.21,0.14,0.68,MOMO,Hello Group Inc. American Depositary Shares,2021-11-15,,13.994999885559082,13.631999969482422,13.869999885559082,13.8100004196167,1661200.0,13.8100004196167,
117,94.66M,51.47M,,,,2.63,1.87,1.99,-6.11,MRIN,Marin Software Incorporated Common Stock,2021-11-15,,6.320000171661377,6.019999980926514,6.260000228881836,6.03000020980835,611900.0,6.03000020980835,
118,2.53T,2.46T,37.66,36.90,2.86,14.50,16.63,13.96,27.33,MSFT,Microsoft Corporation Common Stock,2021-11-15,,337.8800048828125,334.0299987792969,337.5400085449219,336.07000732421875,16723000.0,336.07000732421875,
119,4.08B,3.94B,91.05,45.45,,7.17,2.33,6.64,38.39,MSP,Datto Holding Corp. Common Stock,2021-11-15,,25.469999313354492,24.8799991607666,25.059999465942383,25.200000762939453,264500.0,25.200000762939453,
120,,,,,,,,,,MSTR,MicroStrategy Incorporated Common Stock Class A,2021-11-15,,819.9600219726562,781.3400268554688,819.9600219726562,795.0,391500.0,795.0,
121,39.44M,25.37M,,,,38.02,2.63,27.58,-6.48,MTC,MMTec Inc. Common Shares,2021-11-15,,1.75,1.600000023841858,1.600000023841858,1.6629999876022339,182700.0,1.6629999876022339,
122,5.38B,5.38B,,,,,,,,MTTR,Matterport Inc. Class A Common Stock,2021-11-15,,27.68000030517578,22.799999237060547,23.049999237060547,27.1200008392334,17132600.0,27.1200008392334,
123,5.91B,5.82B,111.97,33.67,,4.22,4.82,4.11,33.00,NATI,National Instruments Corporation Common Stock,2021-11-15,,45.2599983215332,44.7599983215332,45.02000045776367,44.9900016784668,766400.0,44.9900016784668,
124,6.67B,6.30B,,,,27.09k,15.89,26.28,-150.15,NCNO,nCino Inc. Common Stock,2021-11-15,,71.70999908447266,69.73999786376953,69.7699966430664,70.4000015258789,185900.0,70.4000015258789,
125,222.18M,101.42M,,,,5.37,1.64,0.81,4.12,NCTY,The9 Limited American Depository Shares,2021-11-15,,14.699999809265137,13.199999809265137,13.699999809265137,13.550000190734863,2877700.0,13.550000190734863,
126,7.94B,7.71B,,5.00k,220.44,10.67,23.22,10.79,-59.95,NEWR,New Relic Inc. Common Stock,2021-11-15,,123.25,118.68000030517578,121.79000091552734,121.16999816894531,1000400.0,121.16999816894531,
127,19.95B,19.20B,105.71,44.05,3.66,11.45,7.24,10.46,42.11,NICE,NICE Ltd American Depositary Shares,2021-11-15,,319.8800048828125,311.0299987792969,313.9200134277344,315.0199890136719,372300.0,315.0199890136719,
128,14.85B,17.27B,16.91,14.62,0.86,5.62,1.19k,6.42,11.57,NLOK,NortonLifeLock Inc. Common Stock,2021-11-15,,25.34000015258789,24.440000534057617,25.299999237060547,25.149999618530273,12682100.0,25.149999618530273,
129,,,,,,,,,,NRDY,Nerdy Inc. Class A Common Stock,2021-11-15,,8.199999809265137,7.900000095367432,8.0600004196167,7.989999771118164,443200.0,7.989999771118164,
130,62.18M,41.97M,36.80,8.79,0.35,1.16,1.14,0.76,5.49,NTWK,NetSol Technologies Inc. Common  Stock,2021-11-15,,5.039999961853027,4.78000020980835,4.880000114440918,4.980000019073486,53500.0,4.980000019073486,
131,17.29B,18.07B,5.50k,,,10.47,10.55,11.79,77.27,NUAN,Nuance Communications Inc. Common Stock,2021-11-15,,55.0099983215332,54.90999984741211,54.959999084472656,54.97999954223633,1697200.0,54.97999954223633,
132,47.45M,37.82M,,,,1.95,1.68,3.90,-23.20,OBLG,Oblong Inc. Common Stock,2021-11-15,,1.600000023841858,1.4700000286102295,1.5700000524520874,1.4700000286102295,262800.0,1.4700000286102295,
133,,,,,,,,,,OCFT,OneConnect Financial Technology Co. Ltd. American Depositary Shares each representing three ordinary shares,2021-11-15,,2.994999885559082,2.859999895095825,2.930000066757202,2.9200000762939453,1439400.0,2.9200000762939453,
134,4.48B,4.53B,,322.58,,33.50,7.81,32.37,-107.93,OLO,Olo Inc. Class A Common Stock,2021-11-15,,29.920000076293945,28.309999465942383,29.760000228881836,28.829999923706055,1589500.0,28.829999923706055,
135,780.94M,390.20M,,,,3.93,2.15,1.90,-13.94k,ONTF,ON24 Inc. Common Stock,2021-11-15,,16.790000915527344,16.260000228881836,16.690000534057617,16.520000457763672,886800.0,16.520000457763672,
136,1.00B,837.14M,10.38,,,4.43,0.89,3.66,6.96,OPRA,Opera Limited American Depositary Shares,2021-11-15,,9.220000267028809,8.670000076293945,8.670000076293945,8.880000114440918,486100.0,8.880000114440918,
137,257.08B,300.48B,20.05,20.00,2.55,6.82,,7.36,16.12,ORCL,Oracle Corporation Common Stock,2021-11-15,,94.25,92.91999816894531,93.81999969482422,94.0199966430664,5700900.0,94.0199966430664,
138,,,,,,,,,,OSS,One Stop Systems Inc. Common Stock,2021-11-15,,5.639999866485596,5.409999847412109,5.510000228881836,5.590000152587891,103600.0,5.590000152587891,
139,1.80B,2.00B,,,,6.18,4.12,7.70,-53.92,PAR,PAR Technology Corporation Common Stock,2021-11-15,,67.93000030517578,66.0,67.27999877929688,66.7300033569336,185000.0,66.7300033569336,
140,28.73B,26.85B,,,,38.97,15.13,36.44,-72.71,PATH,UiPath Inc. Class A Common Stock,2021-11-15,,54.400001525878906,52.810001373291016,54.279998779296875,53.540000915527344,4215000.0,53.540000915527344,
141,1.13B,1.24B,,21.10,,4.84,4.78,5.51,32.57,PAYA,Paya Holdings Inc. Class A Common Stock,2021-11-15,,8.760000228881836,8.399999618530273,8.399999618530273,8.5600004196167,718800.0,8.5600004196167,
142,29.17B,28.97B,164.75,86.96,3.05,28.53,35.35,29.22,101.61,PAYC,Paycom Software Inc. Common Stock,2021-11-15,,493.57000732421875,480.3450012207031,493.57000732421875,484.0799865722656,307500.0,484.0799865722656,
143,14.76B,14.77B,168.75,95.24,2.77,22.21,31.58,21.67,135.62,PCTY,Paylocity Holding Corporation Common Stock,2021-11-15,,273.5199890136719,262.3299865722656,270.44000244140625,264.8599853515625,358700.0,264.8599853515625,
144,,,,,,,,,,PFDR,Pathfinder Acquisition Corporation Class A Ordinary Shares,2021-11-15,,9.979999542236328,9.960000038146973,9.970000267028809,9.970000267028809,58800.0,9.970000267028809,
145,,,,,,,,,,PRGS,Progress Software Corporation Common Stock (DE),2021-11-15,,52.68000030517578,52.02000045776367,52.4900016784668,52.34000015258789,314800.0,52.34000015258789,
146,,,,,,,,,,PT,Pintec Technology Holdings Limited American Depositary Shares,2021-11-15,,0.8799999952316284,0.8600000143051147,0.8600000143051147,0.8600000143051147,38200.0,0.8600000143051147,
147,14.41B,15.74B,30.47,30.58,2.36,8.04,7.07,8.71,31.13,PTC,PTC Inc. Common Stock,2021-11-15,,122.36000061035156,119.30999755859375,122.0,120.05000305175781,552600.0,120.05000305175781,
148,2.02B,1.90B,47.76,74.07,,10.57,10.00,9.15,25.95,PUBM,PubMatic Inc. Class A Common Stock,2021-11-15,,42.22999954223633,37.40999984741211,40.56399917602539,38.29999923706055,3861600.0,38.29999923706055,
149,5.46B,5.77B,,238.10,,15.28,4.20,16.44,103.85,PYCR,Paycor HCM Inc. Common Stock,2021-11-15,,31.790000915527344,30.6200008392334,31.790000915527344,30.979999542236328,287000.0,30.979999542236328,
150,203.63B,206.96B,23.10,17.21,1.16,6.22,20.47,6.17,16.67,QCOM,QUALCOMM Incorporated Common Stock,2021-11-15,,169.94000244140625,165.80999755859375,166.5,168.50999450683594,12350200.0,168.50999450683594,
151,440.37M,-619.78M,1.52,6.44,,0.95,0.22,-0.19,-0.23,QD,Qudian Inc. American Depositary Shares each representing one Class A Ordinary Share,2021-11-15,,1.7699999809265137,1.659999966621399,1.7200000286102295,1.7100000381469727,1055800.0,1.7100000381469727,
152,275.99M,311.64M,,,,0.37,,0.06,-0.47,QTT,Qutoutiao Inc. American Depositary Shares,2021-11-15,,0.949999988079071,0.9100000262260437,0.949999988079071,0.9200000166893005,776000.0,0.9200000166893005,
153,,,,,,,,,,QUBT,Quantum Computing Inc. Common Stock,2021-11-15,,6.75,6.340000152587891,6.619999885559082,6.369999885559082,453800.0,6.369999885559082,
154,662.41M,230.31M,,,,4.57,1.50,0.25,-0.35,RAAS,Cloopen Group Holding Limited American Depositary Shares each representing two Class A Ordinary Shares,2021-11-15,,4.630000114440918,4.320000171661377,4.5,4.429999828338623,1146000.0,4.429999828338623,
155,449.01M,437.28M,,,,11.37,9.08,10.48,123.81,RDVT,Red Violet Inc. Common Stock ,2021-11-15,,35.0,34.290000915527344,34.59000015258789,34.900001525878906,32800.0,34.900001525878906,
156,4.93B,5.16B,,,,12.96,,12.78,-221.57,RELY,Remitly Global Inc. Common Stock,2021-11-15,,31.5,30.200000762939453,30.65999984741211,30.670000076293945,447300.0,30.670000076293945,
157,,,,,,,,,,RPD,Rapid7 Inc. Common Stock,2021-11-15,,133.58999633789062,129.75999450683594,133.22999572753906,132.5,314000.0,132.5,
158,5.58B,5.59B,1.15k,526.32,28.88,14.03,14.03,13.75,-177.41,SAIL,SailPoint Technologies Holdings Inc. Common Stock,2021-11-15,,60.29999923706055,58.150001525878906,59.470001220703125,58.95000076293945,1107300.0,58.95000076293945,
159,44.41M,41.53M,9.98,,,2.34,2.43,1.91,11.54,SCKT,Socket Mobile Inc. Common Stock,2021-11-15,,6.239999771118164,6.079999923706055,6.190000057220459,6.179999828338623,91900.0,6.179999828338623,
160,444.85M,150.45M,21.08,11.93,,0.74,4.95,0.25,0.88,SCPL,SciPlay Corporation Class A Common Stock,2021-11-15,,18.209999084472656,17.65399932861328,18.209999084472656,17.940000534057617,511300.0,17.940000534057617,
161,3.34B,2.74B,,,,27.00,5.51,21.92,-26.74,SDGR,Schrodinger Inc. Common Stock,2021-11-15,,48.56999969482422,45.349998474121094,48.15999984741211,45.45000076293945,1225700.0,45.45000076293945,
162,182.16B,178.25B,,,,24.40,51.17,21.48,-114.09,SE,Sea Limited American Depositary Shares each representing one Class A Ordinary Share,2021-11-15,,354.0,337.0,345.0,343.0199890136719,3623600.0,343.0199890136719,
163,34.38M,15.82M,,,,5.99,1.41,2.70,-1.56,SFET,Safe-T Group Ltd. American Depositary Share,2021-11-15,,1.2300000190734863,1.1699999570846558,1.1699999570846558,1.2100000381469727,223000.0,1.2100000381469727,
164,,,,,,,,,,SHCR,Sharecare Inc. Class A Common Stock,2021-11-15,,7.75,7.309999942779541,7.699999809265137,7.429999828338623,588800.0,7.429999828338623,
165,316.42M,287.01M,39.64,,,2.55,2.01,2.28,28.13,SILC,Silicom Ltd Ordinary Shares,2021-11-15,,47.36000061035156,45.150001525878906,46.0,46.279998779296875,19200.0,46.279998779296875,
166,2.20B,2.23B,20.72,,,0.60,1.94,0.58,15.01,SMCI,Super Micro Computer Inc. Common Stock,2021-11-15,,43.630001068115234,42.29999923706055,43.630001068115234,43.09000015258789,158400.0,43.09000015258789,
167,328.77M,304.55M,,27.93,,5.36,2.75,5.42,-71.19,SMSI,Smith Micro Software Inc. Common Stock,2021-11-15,,6.199999809265137,5.909999847412109,6.179999828338623,5.96999979019165,401100.0,5.96999979019165,
168,,,,,,,,,,SNCE,Science 37 Holdings Inc. Common Stock,2021-11-15,,14.34000015258789,13.550000190734863,13.979999542236328,14.100000381469727,110700.0,14.100000381469727,
169,111.07B,107.13B,,,,130.35,22.37,125.86,-141.07,SNOW,Snowflake Inc. Class A Common Stock,2021-11-15,,394.7179870605469,383.6700134277344,385.5,393.70001220703125,3745700.0,393.70001220703125,
170,,,,,,,,,,SPLK,Splunk Inc. Common Stock,2021-11-15,,152.97999572753906,135.00999450683594,152.5399932861328,137.3800048828125,12811100.0,137.3800048828125,
171,2.07B,2.04B,50.41,29.59,5.92,4.72,5.33,4.60,25.45,SPNS,Sapiens International Corporation N.V. Common Shares (Cayman Islands),2021-11-15,,37.400001525878906,36.0,36.0,37.36000061035156,184500.0,37.36000061035156,
172,104.85B,102.73B,206.64,106.38,2.20,7.36,35.42,6.14,149.64,SQ,Square Inc. Class A Common Stock,2021-11-15,,238.60000610351562,228.8000030517578,229.0,233.02000427246094,6501800.0,233.02000427246094,
173,425.79M,410.87M,3.65k,45.66,1.82,7.94,12.03,7.23,-361.04,SSTI,ShotSpotter Inc. Common Stock,2021-11-15,,36.5,35.91999816894531,36.290000915527344,36.380001068115234,21600.0,36.380001068115234,
174,,,,,,,,,,SSYS,Stratasys Ltd. Ordinary Shares (Israel),2021-11-15,,34.02000045776367,32.599998474121094,33.369998931884766,33.04999923706055,597800.0,33.04999923706055,
175,2.50B,3.01B,,,,4.47,4.22,5.05,41.83,STER,Sterling Check Corp. Common Stock,2021-11-15,,26.920000076293945,25.80500030517578,26.200000762939453,26.700000762939453,289000.0,26.700000762939453,
176,9.01M,16.90M,,,,0.15,,0.36,-4.87,SURG,SurgePays Inc. Common Stock,2021-11-15,,2.990000009536743,2.509999990463257,2.813999891281128,2.9800000190734863,1080600.0,2.9800000190734863,
177,2.66B,3.94B,29.33,16.89,,3.31,1.15,4.95,16.84,SWI,SolarWinds Corporation Common Stock,2021-11-15,,16.850000381469727,16.450000762939453,16.850000381469727,16.700000762939453,473500.0,16.700000762939453,
178,449.12M,118.89M,56.05,,,1.91,1.19,0.07,-43.00,SY,So-Young International Inc. American Depository Shares,2021-11-15,,4.480000019073486,4.302999973297119,4.420000076293945,4.389999866485596,445600.0,4.389999866485596,
179,9.85B,9.93B,79.63,23.15,1.81,7.23,9.84,7.18,30.31,SYNA,Synaptics Incorporated Common Stock $0.001 Par Value,2021-11-15,,259.54998779296875,251.38999938964844,255.0,259.54998779296875,400200.0,259.54998779296875,
180,,,,,,,,,,TACT,TransAct Technologies Incorporated Common Stock,2021-11-15,,13.100000381469727,12.930000305175781,12.979999542236328,12.979999542236328,14700.0,12.979999542236328,
181,51.32M,58.11M,,,,2.23,4.06,4.23,-3.03,TAOP,Taoping Inc. Ordinary Shares ,2021-11-15,,3.3399999141693115,3.1500000953674316,3.309999942779541,3.1700000762939453,46200.0,3.1700000762939453,
182,112.50B,112.16B,,294.12,10.49,49.74,,49.99,-141.66,TEAM,Atlassian Corporation Plc Class A Ordinary Shares,2021-11-15,,446.260009765625,431.57000732421875,445.9100036621094,433.989990234375,611600.0,433.989990234375,
183,,,,,,,,,,TUYA,Tuya Inc. American Depositary Shares each representing one Class A Ordinary Share,2021-11-15,,6.789999961853027,6.21999979019165,6.739999771118164,6.25,1233600.0,6.25,
184,,,,,,,,,,TYL,Tyler Technologies Inc. Common Stock,2021-11-15,,553.510009765625,547.7000122070312,550.8900146484375,551.280029296875,117300.0,551.280029296875,
185,276.25M,364.99M,,,,3.46,,7.05,-19.81,UTRS,Minerva Surgical Inc. Common Stock,2021-11-15,,9.829999923706055,9.26099967956543,9.829999923706055,9.619999885559082,146700.0,9.619999885559082,
186,3.79B,3.77B,,,,10.25,9.98,10.21,-161.66,VMEO,Vimeo Inc. Common Stock,2021-11-15,,24.06999969482422,22.81999969482422,23.145000457763672,22.90999984741211,1291000.0,22.90999984741211,
187,52.11B,52.08B,25.50,16.81,1.02,4.28,5.42,4.24,13.86,VMW,Vmware Inc. Common stock Class A,2021-11-15,,125.9800033569336,123.94999694824219,125.0,124.66000366210938,3011600.0,124.66000366210938,
188,6.64B,6.12B,,303.03,,17.65,11.51,17.07,-74.07,VRNS,Varonis Systems Inc. Common Stock,2021-11-15,,62.040000915527344,59.630001068115234,61.900001525878906,60.439998626708984,753200.0,60.439998626708984,
189,,,,,,,,,,WDAY,Workday Inc. Class A Common Stock,2021-11-15,,299.0,294.44000244140625,297.1300048828125,295.6000061035156,1262900.0,295.6000061035156,
190,70.14M,67.89M,25.51,,,3.28,5.26,3.13,16.26,WFCF,Where Food Comes From Inc. Common Stock,2021-11-15,,11.479999542236328,11.260000228881836,11.329999923706055,11.479999542236328,3900.0,11.479999542236328,
191,469.55M,424.67M,,188.68,,2.26,1.86,0.38,-3.17,WIMI,WiMi Hologram Cloud Inc. American Depositary Share,2021-11-15,,5.300000190734863,4.980000019073486,5.190000057220459,5.039999961853027,1761400.0,5.039999961853027,
192,7.28B,7.09B,,,,17.37,103.78,17.04,-498.38,WK,Workiva Inc. Class A Common Stock,2021-11-15,,160.50999450683594,156.74000549316406,159.63999938964844,158.63999938964844,285500.0,158.63999938964844,
193,22.16B,22.31B,,,,20.66,1.17k,22.93,-30.70,XM,Qualtrics International Inc. Class A Common Stock,2021-11-15,,39.20000076293945,37.95000076293945,39.0,37.959999084472656,1297000.0,37.959999084472656,
194,,,,,,,,,,XNET,Xunlei Limited American Depositary Receipts,2021-11-15,,3.200000047683716,3.009999990463257,3.200000047683716,3.0399999618530273,238000.0,3.0399999618530273,
195,1.21B,909.96M,76.88,,,5.57,4.14,3.58,12.28,YALA,Yalla Group Limited American Depositary Shares each representing one Class A Ordinary Share,2021-11-15,,10.399999618530273,8.720999717712402,8.869999885559082,9.3100004196167,8550900.0,9.3100004196167,
196,3.49B,3.28B,158.48,,,12.95,55.72,15.26,-108.89,YOU,Clear Secure Inc. Class A Common Stock,2021-11-15,,51.720001220703125,44.20000076293945,46.650001525878906,44.40999984741211,675800.0,44.40999984741211,
197,,,,,,,,,,ZBRA,Zebra Technologies Corporation Class A Common Stock,2021-11-15,,597.5800170898438,587.0399780273438,594.2899780273438,590.760009765625,115600.0,590.760009765625,
198,166.12M,141.54M,26.61,,,8.95,6.01,7.23,15.62,ZDGE,Zedge Inc. Class B Common Stock ,2021-11-15,,12.270000457763672,11.619999885559082,11.90999984741211,11.819999694824219,123300.0,11.819999694824219,
199,,,,,,,,,,ZEPP,Zepp Health Corporation American Depositary Shares,2021-11-15,,9.270000457763672,8.5,9.270000457763672,8.5,213700.0,8.5,
200,34.64B,35.71B,3.73k,106.38,,24.35,19.41,53.73,191.79,ZI,ZoomInfo Technologies Inc Class A Common Stock,2021-11-15,,75.55000305175781,73.65399932861328,74.91999816894531,75.5,3718200.0,75.5,
